﻿{"cameraMode":{"drawMode":0,"name":"Shaded","section":"Shading Mode"},"sceneLighting":false,"audioPlay":false,"sceneViewState":{"showFog":true,"showMaterialUpdate":false,"showSkybox":true,"showFlares":true,"showImageEffects":true,"showParticleSystems":true},"in2DMode":false,"pivot":{"x":159.850830078125,"y":5.97369384765625,"z":-114.78076171875},"rotation":{"x":-0.2986357808113098,"y":-0.24076279997825623,"z":0.07813490927219391,"w":-0.9201874136924744},"size":380.84490966796877,"orthographic":false}