﻿{"cameraMode":{"drawMode":0,"name":"Shaded","section":"Shading Mode"},"sceneLighting":false,"audioPlay":false,"sceneViewState":{"showFog":true,"showMaterialUpdate":false,"showSkybox":true,"showFlares":true,"showImageEffects":true,"showParticleSystems":true},"in2DMode":false,"pivot":{"x":0.039999961853027347,"y":-2.000000238418579,"z":2.384185791015625e-7},"rotation":{"x":-0.034805893898010257,"y":-0.006904500536620617,"z":0.00023894899641163647,"w":-0.9993702173233032},"size":31.5723819732666,"orthographic":false}